0	1	1.0
0	0	1.0
0	18	1.0
0	4	1.0
0	2	1.0
0	6	1.0
0	553	1.0
0	690	1.0
0	408	1.0
0	20	1.0
1	2	1.0
1	3	1.0
1	42	1.0
1	0	1.0
1	4	1.0
1	33	1.0
2	0	1.0
2	3	1.0
2	2	1.0
2	6	1.0
2	25	1.0
2	33	1.0
2	54	1.0
2	11	1.0
2	4	1.0
2	71	1.0
2	79	1.0
2	88	1.0
2	47	1.0
2	143	1.0
2	93	1.0
2	42	1.0
2	152	1.0
2	1	1.0
2	116	1.0
2	39	1.0
2	18	1.0
2	194	1.0
2	9	1.0
2	255	1.0
2	78	1.0
2	166	1.0
2	63	1.0
2	118	1.0
2	35	1.0
2	486	1.0
2	514	1.0
2	350	1.0
2	368	1.0
2	382	1.0
2	60	1.0
2	590	1.0
2	375	1.0
2	558	1.0
2	543	1.0
2	179	1.0
2	36	1.0
2	20	1.0
2	59	1.0
2	161	1.0
2	408	1.0
2	571	1.0
2	849	1.0
2	844	1.0
2	629	1.0
2	478	1.0
2	783	1.0
2	97	1.0
2	113	1.0
2	73	1.0
4	0	1.0
4	2	1.0
4	3	1.0
4	1	1.0
4	11	1.0
4	20	1.0
4	101	1.0
4	4	1.0
4	104	1.0
4	118	1.0
4	5	1.0
4	356	1.0
4	131	1.0
4	353	1.0
4	79	1.0
4	47	1.0
4	22	1.0
4	36	1.0
4	55	1.0
4	558	1.0
4	91	1.0
4	813	1.0
4	6	1.0
5	2	1.0
5	6	1.0
5	4	1.0
5	0	1.0
5	41	1.0
5	59	1.0
5	76	1.0
5	10	1.0
5	22	1.0
5	63	1.0
5	3	1.0
5	47	1.0
5	79	1.0
5	177	1.0
5	1	1.0
5	113	1.0
5	163	1.0
5	130	1.0
5	54	1.0
5	104	1.0
5	376	1.0
5	391	1.0
5	690	1.0
5	101	1.0
5	816	1.0
5	246	1.0
5	970	1.0
5	582	1.0
5	766	1.0
5	986	1.0
7	0	1.0
7	6	1.0
7	1	1.0
7	2	1.0
7	11	1.0
7	78	1.0
7	83	1.0
7	79	1.0
7	3	1.0
7	4	1.0
7	39	1.0
7	246	1.0
7	5	1.0
7	316	1.0
7	137	1.0
7	42	1.0
7	9	1.0
7	60	1.0
7	115	1.0
7	462	1.0
7	59	1.0
7	54	1.0
7	44	1.0
7	56	1.0
7	227	1.0
8	0	1.0
8	2	1.0
8	3	1.0
8	4	1.0
8	11	1.0
8	17	1.0
8	118	1.0
8	76	1.0
8	108	1.0
8	44	1.0
8	169	1.0
8	18	1.0
8	332	1.0
8	353	1.0
8	5	1.0
8	522	1.0
8	35	1.0
8	417	1.0
8	79	1.0
8	73	1.0
8	348	1.0
8	734	1.0
8	263	1.0
8	351	1.0
8	971	1.0
9	0	1.0
9	2	1.0
9	9	1.0
9	4	1.0
9	5	1.0
9	79	1.0
9	142	1.0
9	6	1.0
9	112	1.0
9	63	1.0
10	4	1.0
10	11	1.0
10	2	1.0
10	5	1.0
10	3	1.0
10	6	1.0
10	0	1.0
10	42	1.0
10	116	1.0
10	100	1.0
10	352	1.0
10	664	1.0
12	3	1.0
12	0	1.0
12	32	1.0
12	2	1.0
12	11	1.0
12	262	1.0
12	76	1.0
12	131	1.0
13	1	1.0
14	6	1.0
14	9	1.0
14	39	1.0
14	79	1.0
14	97	1.0
14	118	1.0
14	101	1.0
14	42	1.0
14	177	1.0
14	2	1.0
14	350	1.0
14	4	1.0
14	644	1.0
14	0	1.0
15	11	1.0
15	0	1.0
15	290	1.0
15	333	1.0
15	6	1.0
16	2	1.0
16	39	1.0
17	6	1.0
18	3	1.0
18	54	1.0
18	2	1.0
18	76	1.0
19	0	1.0
19	5	1.0
19	39	1.0
19	61	1.0
19	35	1.0
19	3	1.0
19	2	1.0
19	36	1.0
19	11	1.0
19	389	1.0
19	20	1.0
20	2	1.0
20	6	1.0
20	0	1.0
20	207	1.0
20	231	1.0
20	47	1.0
20	4	1.0
20	11	1.0
20	78	1.0
20	32	1.0
20	3	1.0
20	310	1.0
20	785	1.0
20	39	1.0
21	3	1.0
21	2	1.0
21	6	1.0
21	937	1.0
21	131	1.0
22	11	1.0
22	1	1.0
22	44	1.0
22	3	1.0
23	5	1.0
23	3	1.0
23	2	1.0
24	1	1.0
26	2	1.0
26	6	1.0
26	0	1.0
26	32	1.0
26	4	1.0
26	118	1.0
26	113	1.0
26	508	1.0
26	152	1.0
26	370	1.0
26	3	1.0
26	389	1.0
26	230	1.0
26	398	1.0
27	0	1.0
27	54	1.0
27	139	1.0
27	3	1.0
27	115	1.0
27	4	1.0
28	19	1.0
29	3	1.0
29	4	1.0
29	39	1.0
29	0	1.0
30	0	1.0
30	2	1.0
30	3	1.0
30	6	1.0
30	437	1.0
30	11	1.0
31	0	1.0
31	19	1.0
31	11	1.0
31	39	1.0
31	227	1.0
31	384	1.0
31	387	1.0
31	4	1.0
31	543	1.0
31	375	1.0
31	410	1.0
31	668	1.0
32	3	1.0
34	2	1.0
34	1	1.0
34	6	1.0
34	46	1.0
34	0	1.0
34	243	1.0
34	79	1.0
34	397	1.0
35	0	1.0
35	118	1.0
35	11	1.0
36	0	1.0
36	1	1.0
37	2	1.0
37	5	1.0
37	79	1.0
37	48	1.0
37	4	1.0
37	352	1.0
37	635	1.0
38	18	1.0
38	2	1.0
38	6	1.0
38	3	1.0
38	1	1.0
38	538	1.0
40	2	1.0
42	4	1.0
42	3	1.0
42	140	1.0
42	2	1.0
42	179	1.0
42	6	1.0
42	353	1.0
42	543	1.0
42	0	1.0
43	1	1.0
43	4	1.0
43	6	1.0
43	3	1.0
43	11	1.0
43	5	1.0
43	967	1.0
43	301	1.0
43	32	1.0
44	3	1.0
44	2	1.0
44	4	1.0
44	169	1.0
44	22	1.0
44	0	1.0
44	63	1.0
44	194	1.0
44	992	1.0
45	0	1.0
45	2	1.0
45	4	1.0
45	554	1.0
45	32	1.0
46	28	1.0
46	3	1.0
46	0	1.0
46	39	1.0
46	2	1.0
46	944	1.0
47	6	1.0
47	9	1.0
48	3	1.0
48	11	1.0
48	63	1.0
48	5	1.0
49	2	1.0
50	0	1.0
51	2	1.0
51	1	1.0
51	6	1.0
51	0	1.0
51	54	1.0
52	2	1.0
52	3	1.0
52	1	1.0
52	130	1.0
52	54	1.0
52	177	1.0
52	79	1.0
52	0	1.0
52	87	1.0
52	501	1.0
52	78	1.0
52	20	1.0
52	819	1.0
52	269	1.0
52	998	1.0
53	2	1.0
55	1	1.0
55	2	1.0
56	3	1.0
56	0	1.0
56	172	1.0
56	4	1.0
56	63	1.0
57	2	1.0
57	388	1.0
58	54	1.0
58	3	1.0
58	79	1.0
58	93	1.0
58	2	1.0
58	38	1.0
60	3	1.0
60	11	1.0
60	0	1.0
62	2	1.0
62	56	1.0
62	3	1.0
62	78	1.0
62	79	1.0
62	429	1.0
62	48	1.0
62	788	1.0
63	3	1.0
63	6	1.0
63	0	1.0
63	4	1.0
63	5	1.0
63	2	1.0
63	643	1.0
63	411	1.0
63	558	1.0
63	35	1.0
64	0	1.0
65	1	1.0
65	0	1.0
65	63	1.0
65	230	1.0
65	2	1.0
65	18	1.0
65	350	1.0
65	6	1.0
66	2	1.0
66	212	1.0
66	152	1.0
66	6	1.0
66	39	1.0
66	4	1.0
67	11	1.0
67	56	1.0
67	0	1.0
67	101	1.0
68	4	1.0
69	3	1.0
69	1	1.0
69	2	1.0
70	1	1.0
70	0	1.0
70	2	1.0
70	3	1.0
70	10	1.0
70	649	1.0
72	0	1.0
72	6	1.0
72	1	1.0
72	2	1.0
72	22	1.0
72	59	1.0
72	35	1.0
72	36	1.0
73	35	1.0
74	0	1.0
74	11	1.0
75	32	1.0
75	0	1.0
75	2	1.0
77	0	1.0
77	6	1.0
80	2	1.0
80	107	1.0
80	6	1.0
80	44	1.0
81	44	1.0
81	2	1.0
81	582	1.0
81	3	1.0
82	2	1.0
82	116	1.0
83	1	1.0
83	142	1.0
83	3	1.0
84	1	1.0
84	87	1.0
84	2	1.0
84	0	1.0
85	3	1.0
85	4	1.0
85	2	1.0
85	172	1.0
85	200	1.0
86	2	1.0
86	1	1.0
86	0	1.0
86	39	1.0
86	22	1.0
89	2	1.0
89	101	1.0
89	18	1.0
89	56	1.0
89	762	1.0
89	39	1.0
90	0	1.0
91	5	1.0
91	113	1.0
91	0	1.0
91	68	1.0
91	36	1.0
92	79	1.0
92	4	1.0
93	2	1.0
93	93	1.0
94	0	1.0
94	32	1.0
95	0	1.0
95	143	1.0
95	104	1.0
95	163	1.0
95	4	1.0
95	391	1.0
95	118	1.0
95	2	1.0
96	0	1.0
96	2	1.0
96	616	1.0
97	4	1.0
98	20	1.0
98	4	1.0
99	2	1.0
99	3	1.0
100	11	1.0
102	3	1.0
102	1	1.0
103	0	1.0
103	93	1.0
104	11	1.0
104	285	1.0
104	0	1.0
105	0	1.0
106	4	1.0
108	54	1.0
108	262	1.0
108	115	1.0
108	79	1.0
109	2	1.0
109	0	1.0
109	18	1.0
109	4	1.0
109	3	1.0
109	79	1.0
109	131	1.0
110	0	1.0
110	6	1.0
111	1	1.0
111	90	1.0
111	5	1.0
111	115	1.0
111	0	1.0
112	2	1.0
112	118	1.0
112	0	1.0
112	3	1.0
112	4	1.0
112	5	1.0
114	6	1.0
114	0	1.0
115	5	1.0
115	2	1.0
116	4	1.0
117	2	1.0
117	0	1.0
117	1	1.0
117	4	1.0
117	410	1.0
117	535	1.0
117	42	1.0
119	3	1.0
119	35	1.0
119	54	1.0
119	2	1.0
120	3	1.0
120	76	1.0
121	3	1.0
121	22	1.0
122	2	1.0
122	3	1.0
122	39	1.0
122	487	1.0
122	0	1.0
123	0	1.0
123	33	1.0
123	5	1.0
124	3	1.0
125	3	1.0
125	38	1.0
125	54	1.0
125	2	1.0
125	79	1.0
125	4	1.0
125	540	1.0
125	844	1.0
125	11	1.0
126	5	1.0
127	2	1.0
128	37	1.0
128	2	1.0
128	59	1.0
128	90	1.0
128	25	1.0
129	6	1.0
129	2	1.0
129	56	1.0
131	1	1.0
131	144	1.0
131	163	1.0
131	348	1.0
131	2	1.0
131	11	1.0
131	79	1.0
132	1	1.0
132	3	1.0
132	2	1.0
133	0	1.0
133	62	1.0
133	6	1.0
133	11	1.0
134	3	1.0
134	140	1.0
134	0	1.0
134	39	1.0
134	118	1.0
134	2	1.0
134	324	1.0
135	5	1.0
135	21	1.0
135	137	1.0
135	2	1.0
135	63	1.0
135	949	1.0
136	3	1.0
136	146	1.0
136	0	1.0
137	2	1.0
137	33	1.0
137	3	1.0
137	97	1.0
137	306	1.0
137	54	1.0
137	0	1.0
137	115	1.0
137	11	1.0
138	2	1.0
138	93	1.0
139	6	1.0
141	11	1.0
141	244	1.0
141	246	1.0
141	0	1.0
145	4	1.0
145	2	1.0
145	39	1.0
146	79	1.0
146	0	1.0
146	22	1.0
146	4	1.0
147	4	1.0
148	0	1.0
148	3	1.0
148	391	1.0
149	3	1.0
149	118	1.0
149	0	1.0
149	2	1.0
149	4	1.0
149	9	1.0
149	11	1.0
149	519	1.0
149	580	1.0
150	4	1.0
150	2	1.0
151	2	1.0
153	38	1.0
154	56	1.0
154	0	1.0
155	3	1.0
155	0	1.0
155	79	1.0
155	2	1.0
155	54	1.0
156	0	1.0
157	6	1.0
157	1	1.0
157	2	1.0
158	46	1.0
158	1	1.0
159	63	1.0
160	4	1.0
160	11	1.0
160	351	1.0
161	38	1.0
162	0	1.0
163	78	1.0
163	2	1.0
164	2	1.0
165	4	1.0
165	342	1.0
166	33	1.0
166	212	1.0
166	11	1.0
167	1	1.0
167	0	1.0
168	32	1.0
170	118	1.0
170	2	1.0
170	39	1.0
171	0	1.0
173	104	1.0
173	11	1.0
174	0	1.0
174	4	1.0
174	3	1.0
174	629	1.0
174	20	1.0
175	2	1.0
176	101	1.0
178	9	1.0
178	2	1.0
178	0	1.0
179	2	1.0
180	3	1.0
180	101	1.0
181	0	1.0
182	2	1.0
183	4	1.0
183	740	1.0
184	1	1.0
184	79	1.0
185	137	1.0
185	2	1.0
185	682	1.0
186	0	1.0
187	2	1.0
187	143	1.0
188	2	1.0
188	4	1.0
188	11	1.0
189	39	1.0
189	63	1.0
189	380	1.0
189	0	1.0
189	2	1.0
189	4	1.0
190	2	1.0
191	2	1.0
192	2	1.0
192	200	1.0
192	352	1.0
192	5	1.0
192	39	1.0
192	79	1.0
193	3	1.0
195	0	1.0
195	2	1.0
195	131	1.0
195	828	1.0
195	4	1.0
196	55	1.0
197	1	1.0
197	11	1.0
198	47	1.0
199	3	1.0
201	2	1.0
202	0	1.0
203	39	1.0
204	2	1.0
205	142	1.0
206	2	1.0
208	2	1.0
209	2	1.0
210	6	1.0
211	40	1.0
211	0	1.0
213	0	1.0
213	54	1.0
213	2	1.0
214	18	1.0
214	398	1.0
214	6	1.0
215	0	1.0
216	0	1.0
216	3	1.0
216	971	1.0
217	6	1.0
218	92	1.0
219	2	1.0
220	2	1.0
221	6	1.0
221	35	1.0
221	11	1.0
221	0	1.0
222	152	1.0
223	44	1.0
224	0	1.0
225	0	1.0
225	540	1.0
225	933	1.0
226	39	1.0
226	227	1.0
226	3	1.0
226	42	1.0
226	517	1.0
228	2	1.0
228	79	1.0
228	187	1.0
228	115	1.0
229	3	1.0
232	3	1.0
233	2	1.0
233	3	1.0
233	0	1.0
234	2	1.0
234	76	1.0
235	4	1.0
236	44	1.0
236	63	1.0
237	4	1.0
237	79	1.0
238	18	1.0
238	39	1.0
238	2	1.0
238	1	1.0
238	548	1.0
239	32	1.0
239	2	1.0
240	11	1.0
240	163	1.0
240	63	1.0
241	0	1.0
241	79	1.0
242	6	1.0
245	0	1.0
247	59	1.0
248	39	1.0
249	18	1.0
249	11	1.0
249	6	1.0
249	2	1.0
250	3	1.0
251	0	1.0
252	2	1.0
252	486	1.0
253	1	1.0
253	0	1.0
254	63	1.0
256	4	1.0
257	3	1.0
258	0	1.0
259	47	1.0
259	11	1.0
260	220	1.0
260	5	1.0
260	115	1.0
261	5	1.0
261	187	1.0
261	526	1.0
263	59	1.0
263	36	1.0
263	2	1.0
264	5	1.0
265	0	1.0
265	6	1.0
265	4	1.0
265	2	1.0
266	4	1.0
267	2	1.0
267	5	1.0
268	0	1.0
269	0	1.0
269	2	1.0
269	3	1.0
269	589	1.0
270	116	1.0
270	582	1.0
271	142	1.0
272	0	1.0
272	3	1.0
273	259	1.0
273	3	1.0
273	2	1.0
274	142	1.0
274	633	1.0
274	6	1.0
275	79	1.0
275	2	1.0
276	79	1.0
276	3	1.0
277	0	1.0
277	417	1.0
277	190	1.0
277	3	1.0
278	2	1.0
278	3	1.0
279	97	1.0
279	2	1.0
280	0	1.0
280	4	1.0
280	959	1.0
281	54	1.0
282	2	1.0
282	54	1.0
282	3	1.0
282	243	1.0
283	2	1.0
284	246	1.0
284	11	1.0
286	118	1.0
286	360	1.0
286	4	1.0
287	2	1.0
288	1	1.0
289	0	1.0
291	2	1.0
292	54	1.0
292	10	1.0
292	4	1.0
292	1	1.0
293	4	1.0
294	5	1.0
294	800	1.0
295	0	1.0
296	0	1.0
297	19	1.0
298	2	1.0
299	42	1.0
299	5	1.0
299	486	1.0
299	847	1.0
300	4	1.0
301	2	1.0
302	3	1.0
302	217	1.0
303	227	1.0
303	79	1.0
304	0	1.0
304	2	1.0
305	2	1.0
305	163	1.0
305	166	1.0
307	79	1.0
308	2	1.0
309	78	1.0
310	2	1.0
311	48	1.0
311	2	1.0
312	0	1.0
313	1	1.0
314	0	1.0
314	6	1.0
315	0	1.0
315	6	1.0
315	5	1.0
317	32	1.0
318	2	1.0
319	2	1.0
319	0	1.0
319	4	1.0
319	246	1.0
320	163	1.0
320	4	1.0
320	143	1.0
320	1	1.0
320	2	1.0
321	76	1.0
321	2	1.0
322	6	1.0
322	104	1.0
322	4	1.0
322	2	1.0
323	11	1.0
324	2	1.0
325	0	1.0
326	2	1.0
327	3	1.0
328	212	1.0
328	163	1.0
329	139	1.0
329	2	1.0
329	743	1.0
329	22	1.0
329	3	1.0
330	0	1.0
330	6	1.0
331	4	1.0
331	6	1.0
332	2	1.0
332	18	1.0
332	76	1.0
333	11	1.0
333	3	1.0
334	2	1.0
334	1	1.0
335	116	1.0
335	56	1.0
335	37	1.0
335	974	1.0
335	246	1.0
336	4	1.0
336	2	1.0
336	0	1.0
337	3	1.0
337	433	1.0
338	2	1.0
338	368	1.0
338	39	1.0
338	63	1.0
339	54	1.0
340	11	1.0
341	0	1.0
341	375	1.0
341	3	1.0
341	5	1.0
343	2	1.0
344	2	1.0
344	3	1.0
344	4	1.0
344	46	1.0
345	339	1.0
346	4	1.0
346	6	1.0
347	6	1.0
349	0	1.0
353	1	1.0
354	4	1.0
355	152	1.0
357	9	1.0
358	0	1.0
359	0	1.0
360	2	1.0
361	50	1.0
362	115	1.0
363	1	1.0
364	11	1.0
365	39	1.0
365	78	1.0
365	888	1.0
366	2	1.0
367	4	1.0
369	21	1.0
370	2	1.0
371	3	1.0
371	2	1.0
371	54	1.0
371	611	1.0
371	79	1.0
372	2	1.0
373	241	1.0
374	3	1.0
377	0	1.0
377	397	1.0
378	36	1.0
379	3	1.0
381	78	1.0
382	4	1.0
383	1	1.0
385	79	1.0
385	2	1.0
386	3	1.0
387	0	1.0
389	104	1.0
390	234	1.0
392	1	1.0
392	6	1.0
393	3	1.0
393	174	1.0
394	3	1.0
394	391	1.0
395	0	1.0
396	97	1.0
397	339	1.0
398	61	1.0
398	104	1.0
398	397	1.0
399	4	1.0
400	118	1.0
401	2	1.0
402	63	1.0
403	2	1.0
404	378	1.0
404	2	1.0
404	0	1.0
404	115	1.0
404	311	1.0
404	79	1.0
405	2	1.0
406	2	1.0
407	163	1.0
408	2	1.0
408	60	1.0
409	42	1.0
411	2	1.0
411	0	1.0
412	2	1.0
413	18	1.0
414	6	1.0
415	46	1.0
416	4	1.0
418	196	1.0
419	116	1.0
420	130	1.0
421	2	1.0
422	372	1.0
423	0	1.0
423	36	1.0
424	107	1.0
424	243	1.0
425	403	1.0
426	32	1.0
427	3	1.0
427	2	1.0
428	71	1.0
429	227	1.0
430	0	1.0
431	79	1.0
431	558	1.0
431	326	1.0
432	39	1.0
432	1	1.0
433	2	1.0
433	6	1.0
434	114	1.0
435	79	1.0
436	1	1.0
436	3	1.0
436	0	1.0
436	60	1.0
436	163	1.0
436	2	1.0
436	876	1.0
437	170	1.0
438	1	1.0
439	0	1.0
440	2	1.0
440	59	1.0
441	2	1.0
442	2	1.0
443	59	1.0
444	0	1.0
445	0	1.0
446	5	1.0
446	2	1.0
447	32	1.0
448	79	1.0
449	2	1.0
450	2	1.0
450	0	1.0
451	246	1.0
451	78	1.0
451	352	1.0
452	163	1.0
452	3	1.0
453	4	1.0
454	5	1.0
454	0	1.0
455	39	1.0
456	246	1.0
457	20	1.0
457	499	1.0
457	638	1.0
457	543	1.0
458	2	1.0
459	2	1.0
459	668	1.0
460	97	1.0
461	408	1.0
461	0	1.0
462	2	1.0
463	3	1.0
464	0	1.0
465	114	1.0
465	2	1.0
465	200	1.0
465	103	1.0
465	3	1.0
466	39	1.0
467	2	1.0
468	4	1.0
469	0	1.0
469	54	1.0
469	3	1.0
470	2	1.0
470	3	1.0
470	112	1.0
471	230	1.0
471	5	1.0
471	79	1.0
472	4	1.0
473	433	1.0
474	1	1.0
475	0	1.0
476	2	1.0
476	4	1.0
477	246	1.0
478	433	1.0
478	553	1.0
478	2	1.0
479	4	1.0
479	0	1.0
480	4	1.0
481	9	1.0
481	172	1.0
482	269	1.0
483	6	1.0
484	0	1.0
485	1	1.0
488	4	1.0
489	1	1.0
489	2	1.0
490	246	1.0
490	44	1.0
491	6	1.0
492	3	1.0
493	5	1.0
494	0	1.0
494	2	1.0
494	3	1.0
495	0	1.0
496	3	1.0
497	0	1.0
498	2	1.0
500	0	1.0
502	0	1.0
502	894	1.0
503	4	1.0
504	3	1.0
505	144	1.0
506	3	1.0
507	2	1.0
507	892	1.0
509	18	1.0
510	0	1.0
511	79	1.0
511	3	1.0
511	272	1.0
511	2	1.0
512	79	1.0
513	131	1.0
515	4	1.0
516	4	1.0
517	2	1.0
518	63	1.0
520	248	1.0
521	73	1.0
523	1	1.0
524	375	1.0
524	2	1.0
525	0	1.0
526	44	1.0
526	42	1.0
527	0	1.0
528	3	1.0
529	0	1.0
530	5	1.0
531	4	1.0
532	118	1.0
533	0	1.0
534	2	1.0
535	11	1.0
536	2	1.0
537	5	1.0
539	101	1.0
541	2	1.0
542	4	1.0
544	2	1.0
545	27	1.0
546	46	1.0
547	68	1.0
549	2	1.0
549	548	1.0
550	79	1.0
550	0	1.0
550	6	1.0
550	163	1.0
551	2	1.0
552	70	1.0
555	3	1.0
556	408	1.0
556	2	1.0
557	2	1.0
557	79	1.0
558	42	1.0
558	0	1.0
559	3	1.0
560	118	1.0
561	5	1.0
562	152	1.0
563	18	1.0
563	0	1.0
563	3	1.0
564	3	1.0
565	0	1.0
566	2	1.0
566	356	1.0
567	0	1.0
568	3	1.0
569	56	1.0
569	902	1.0
570	79	1.0
570	2	1.0
570	716	1.0
571	39	1.0
572	144	1.0
572	38	1.0
572	3	1.0
572	4	1.0
573	63	1.0
573	1	1.0
573	348	1.0
574	194	1.0
575	163	1.0
575	39	1.0
576	2	1.0
577	6	1.0
578	2	1.0
578	398	1.0
579	0	1.0
580	2	1.0
581	4	1.0
583	115	1.0
584	79	1.0
585	0	1.0
586	285	1.0
587	38	1.0
588	6	1.0
588	143	1.0
591	163	1.0
591	3	1.0
592	0	1.0
593	0	1.0
594	3	1.0
595	1	1.0
596	112	1.0
597	2	1.0
598	2	1.0
599	39	1.0
600	42	1.0
601	39	1.0
602	22	1.0
603	0	1.0
604	3	1.0
605	2	1.0
606	41	1.0
607	0	1.0
608	116	1.0
609	5	1.0
609	2	1.0
610	2	1.0
610	642	1.0
612	2	1.0
613	0	1.0
614	3	1.0
614	0	1.0
615	118	1.0
617	0	1.0
617	2	1.0
618	3	1.0
618	107	1.0
619	113	1.0
620	3	1.0
621	36	1.0
622	1	1.0
622	4	1.0
623	4	1.0
624	310	1.0
625	326	1.0
626	0	1.0
626	311	1.0
626	118	1.0
627	0	1.0
628	42	1.0
630	4	1.0
631	306	1.0
632	2	1.0
634	146	1.0
636	3	1.0
637	433	1.0
639	97	1.0
639	3	1.0
640	2	1.0
641	2	1.0
641	467	1.0
643	3	1.0
643	212	1.0
645	517	1.0
646	200	1.0
647	3	1.0
648	35	1.0
648	116	1.0
650	4	1.0
651	4	1.0
651	0	1.0
651	59	1.0
652	3	1.0
653	0	1.0
654	2	1.0
655	3	1.0
656	0	1.0
656	750	1.0
656	3	1.0
657	0	1.0
658	3	1.0
659	33	1.0
660	42	1.0
661	36	1.0
661	70	1.0
662	79	1.0
663	152	1.0
665	3	1.0
666	3	1.0
667	2	1.0
669	2	1.0
670	0	1.0
670	1	1.0
671	1	1.0
672	3	1.0
673	0	1.0
673	927	1.0
674	42	1.0
675	56	1.0
675	48	1.0
676	166	1.0
677	387	1.0
678	47	1.0
679	0	1.0
680	2	1.0
681	11	1.0
683	0	1.0
684	571	1.0
685	283	1.0
686	104	1.0
687	2	1.0
688	104	1.0
689	3	1.0
691	2	1.0
692	54	1.0
693	6	1.0
694	2	1.0
695	28	1.0
696	2	1.0
696	848	1.0
697	54	1.0
698	18	1.0
699	4	1.0
700	2	1.0
701	0	1.0
702	352	1.0
703	4	1.0
704	567	1.0
705	11	1.0
706	353	1.0
707	0	1.0
708	3	1.0
709	308	1.0
709	42	1.0
709	508	1.0
710	6	1.0
711	2	1.0
712	79	1.0
713	11	1.0
714	79	1.0
715	54	1.0
716	291	1.0
716	2	1.0
717	9	1.0
718	6	1.0
719	1	1.0
720	0	1.0
721	48	1.0
721	5	1.0
722	20	1.0
723	350	1.0
724	306	1.0
725	2	1.0
726	78	1.0
727	292	1.0
728	2	1.0
728	6	1.0
729	668	1.0
730	2	1.0
731	2	1.0
732	25	1.0
733	0	1.0
735	1	1.0
736	2	1.0
737	470	1.0
738	79	1.0
739	3	1.0
741	0	1.0
742	361	1.0
742	991	1.0
744	2	1.0
745	79	1.0
746	348	1.0
747	4	1.0
748	2	1.0
749	35	1.0
751	87	1.0
752	4	1.0
753	2	1.0
753	39	1.0
753	627	1.0
754	540	1.0
755	0	1.0
756	33	1.0
756	2	1.0
757	227	1.0
758	0	1.0
759	316	1.0
760	116	1.0
761	6	1.0
763	130	1.0
764	3	1.0
765	118	1.0
766	0	1.0
766	2	1.0
767	622	1.0
768	0	1.0
769	44	1.0
770	104	1.0
771	2	1.0
772	0	1.0
773	2	1.0
774	672	1.0
775	4	1.0
776	0	1.0
777	54	1.0
778	664	1.0
779	4	1.0
780	398	1.0
781	63	1.0
782	0	1.0
783	152	1.0
783	0	1.0
784	44	1.0
786	0	1.0
787	4	1.0
789	2	1.0
790	11	1.0
791	116	1.0
792	2	1.0
793	0	1.0
794	116	1.0
795	190	1.0
796	39	1.0
797	3	1.0
797	152	1.0
798	3	1.0
799	4	1.0
801	0	1.0
802	44	1.0
803	785	1.0
804	38	1.0
805	78	1.0
806	0	1.0
807	3	1.0
808	93	1.0
809	262	1.0
810	2	1.0
811	543	1.0
812	101	1.0
814	768	1.0
815	19	1.0
817	6	1.0
818	0	1.0
820	20	1.0
821	2	1.0
822	391	1.0
823	0	1.0
824	5	1.0
825	2	1.0
826	3	1.0
827	2	1.0
829	2	1.0
830	38	1.0
831	2	1.0
832	93	1.0
833	140	1.0
834	0	1.0
835	39	1.0
835	2	1.0
836	6	1.0
837	9	1.0
838	0	1.0
839	18	1.0
840	2	1.0
841	42	1.0
842	582	1.0
842	2	1.0
842	590	1.0
843	172	1.0
845	6	1.0
846	4	1.0
850	3	1.0
851	2	1.0
852	3	1.0
853	11	1.0
853	1	1.0
854	0	1.0
855	2	1.0
856	3	1.0
857	6	1.0
858	39	1.0
859	0	1.0
860	372	1.0
861	6	1.0
862	6	1.0
863	2	1.0
864	2	1.0
865	54	1.0
866	348	1.0
867	18	1.0
868	844	1.0
869	59	1.0
870	39	1.0
870	3	1.0
871	5	1.0
872	56	1.0
872	375	1.0
873	0	1.0
874	1	1.0
875	212	1.0
877	0	1.0
878	79	1.0
879	0	1.0
880	4	1.0
881	627	1.0
882	3	1.0
883	2	1.0
883	47	1.0
884	6	1.0
885	585	1.0
886	0	1.0
886	3	1.0
887	2	1.0
889	42	1.0
890	0	1.0
891	63	1.0
893	2	1.0
893	118	1.0
895	2	1.0
895	229	1.0
896	356	1.0
896	59	1.0
897	2	1.0
898	649	1.0
899	3	1.0
900	429	1.0
901	0	1.0
903	20	1.0
904	471	1.0
905	2	1.0
906	2	1.0
907	229	1.0
908	3	1.0
909	352	1.0
910	243	1.0
911	77	1.0
912	131	1.0
913	2	1.0
914	112	1.0
915	56	1.0
916	2	1.0
917	73	1.0
918	163	1.0
919	2	1.0
920	4	1.0
921	0	1.0
922	11	1.0
923	262	1.0
924	4	1.0
924	79	1.0
925	6	1.0
926	391	1.0
928	2	1.0
929	348	1.0
930	2	1.0
931	3	1.0
932	387	1.0
934	4	1.0
935	78	1.0
936	5	1.0
938	0	1.0
939	4	1.0
939	2	1.0
940	2	1.0
941	462	1.0
942	38	1.0
943	0	1.0
945	0	1.0
946	558	1.0
947	332	1.0
948	0	1.0
950	2	1.0
951	0	1.0
952	163	1.0
953	42	1.0
954	2	1.0
955	0	1.0
956	2	1.0
957	3	1.0
958	2	1.0
960	0	1.0
961	107	1.0
962	2	1.0
963	36	1.0
964	41	1.0
965	785	1.0
966	2	1.0
968	3	1.0
969	310	1.0
972	4	1.0
973	143	1.0
975	0	1.0
976	1	1.0
977	311	1.0
978	116	1.0
979	631	1.0
980	54	1.0
981	2	1.0
982	389	1.0
983	5	1.0
984	104	1.0
985	0	1.0
987	2	1.0
988	375	1.0
989	390	1.0
990	800	1.0
993	5	1.0
994	79	1.0
995	0	1.0
996	3	1.0
997	39	1.0
999	745	1.0
